accelX,accelY,accelZ,gyroX,gyroY,gyroZ
1.1074278,7.024772,14.164864,0.51657104,0.75883484,0.60061646
1.597766,6.0913234,10.42118,-0.38038635,0.08932495,-0.11204529
0.23890156,-3.1357737,11.5795555,-0.6104889,-0.0438385,-1.6513519
1.5539371,3.3526707,17.46018,-1.1825256,-0.8992462,-1.9656067
-0.27838194,-2.7634292,15.097301,-1.4877319,0.40570068,-1.811676
0.47333834,1.1910899,8.35096,-2.1822815,-1.0372009,-1.6502991
-0.66033787,0.51783574,5.4365916,-1.5798798,-0.9706116,-1.5208588
-1.5318439,0.58926904,3.4466162,-1.6416626,-2.8726501,-0.9967499
0.80992293,-0.541971,2.2102964,-0.17745972,-2.1908722,-0.23242188
3.1962662,1.9509407,6.606989,0.868103,-1.4457245,0.3955536
9.984788,6.214395,12.135143,0.37382507,-1.5410614,0.49035645
7.823926,6.142975,17.428242,-0.88319397,-0.4156189,-0.21858215
7.353233,3.270585,6.549366,-0.40596008,0.12660217,-0.64894104
2.6669497,-4.174202,20.299582,1.1461334,0.8632355,0.7907562
4.426423,-2.0564597,5.7688584,0.977829,0.49092102,-0.072631836
-0.7648851,-0.3662889,11.058446,2.8153992,2.1948242,1.1390991
-1.0212336,2.121624,5.0523295,1.7085876,1.2866821,0.76945496
-0.39686805,-2.5473683,5.60891,1.7693176,1.3229065,1.2174072
1.6841248,5.823528,10.906861,1.3661194,1.6355591,1.2850494
0.20868123,4.53465,9.08727,0.7440033,1.0043793,1.0826416
0.72870135,5.810845,11.863393,0.7040558,0.7673645,1.1066132
1.6000094,4.4229527,12.570697,0.33120728,0.29917908,0.659729
1.905886,4.877046,10.756539,-0.17904663,0.3636322,-0.058258057
-0.063627124,-1.5630462,11.235242,-0.391037,0.44352722,-1.6790466
-0.38449755,2.2512379,17.956772,-0.89437866,-0.2819214,-1.9624176
-0.18056166,-0.724319,14.1885805,-1.3242188,-0.5029602,-2.144577
0.4589594,2.77245,9.822075,-2.0416718,-1.6529236,-1.8324585
-1.3829979,-1.7611755,5.695959,-1.9585724,-1.0936584,-1.4090118
-1.224088,-0.09745988,3.159981,-1.9383392,-2.5413513,-0.71658325
0.59679335,-1.3079466,2.496444,-0.61953735,-2.026291,-0.40446472
1.8481827,2.9415293,4.418527,0.9772949,-1.1863251,0.95854187
13.020349,7.5158577,12.257474,1.4076538,-1.4744873,1.0810394
8.526412,4.5166755,20.85996,-1.3668213,-0.124801636,-0.19833374
2.5216534,4.888784,6.793887,-0.49490356,-0.5525055,-0.9658661
6.3276825,-6.7391896,19.211498,2.1671906,0.75297546,0.60487366
3.7607121,-3.9297028,5.718566,0.9432068,0.57081604,0.2741089
-0.8633532,0.5178415,10.1430235,2.66893,1.9822998,1.3782501
-2.3942013,3.1826217,5.8421526,1.9237823,1.7266388,0.66986084
1.3259101,-0.9351758,7.4415464,1.8225708,0.713562,1.2765198
0.40455595,4.892222,9.132936,1.0406799,1.2424774,0.8738556
0.11710445,2.4947617,8.90909,0.72535706,1.1077118,1.0773163
0.73876303,4.0378733,13.437963,0.77648926,0.82754517,1.1199341
1.5519909,7.5053916,11.423198,0.33493042,0.71302795,0.55960083
-2.604524,4.8637667,12.659001,-0.26161194,-0.17858887,-0.4934082
-3.317882,-0.133795,11.379039,-0.90823364,-0.37034607,-1.9634857
1.5320992,-1.9217364,19.141535,-1.4648285,-0.7437134,-2.270813
2.4828188,-2.3990326,13.872556,-1.5995789,1.4049225,-1.6545563
-0.24058855,4.1071053,6.4688034,-2.5700378,-1.1469116,-1.3871765
-1.0234494,-0.29808408,2.5074255,-1.9953308,-2.1914062,-0.6883545
-0.61094236,-2.0990236,1.778091,-1.2416534,-2.0667725,-0.70007324
0.6811764,-0.5593203,1.3502613,0.5122986,-1.7178955,0.20326233
12.070512,8.628315,13.675478,1.4779663,-1.7791443,1.0368347
13.341388,1.0442123,21.398151,-1.4184875,0.10797119,-0.67344666
-0.8952322,-3.0330923,11.266198,-0.9268646,-0.08164978,-0.36026
-0.7451058,0.85084057,17.47352,0.5144348,1.5934753,0.544693
0.33786324,-3.5379748,3.994799,1.5956726,0.8722992,0.2240448
2.0481858,1.6390216,11.692787,2.6811829,1.2584534,1.3409729
-2.196981,0.68920535,4.1970205,2.000473,1.9146576,0.71513367
1.1996225,0.36096954,8.411937,1.53656,0.89253235,1.4427032
-0.88296187,4.9940734,8.989689,1.030014,1.0523224,1.0277863
1.231211,1.0994004,10.192172,0.8366699,1.2989349,1.2168732
0.72185886,8.25799,12.907932,0.675827,1.0672302,0.8749237
1.5896755,6.9610643,11.593884,0.14425659,0.3790741,0.065322876
-2.8975275,2.7792323,10.036799,-0.4043579,-0.027328491,-0.82577515
-2.1920495,0.31822586,16.495049,-1.059494,-0.6052246,-1.8393707
1.0849844,-1.7771561,16.207167,-1.2837372,0.19265747,-2.0923767
2.168609,1.3851599,10.619353,-1.6587067,0.49519348,-1.7232666
-0.39069313,0.8580997,6.79436,-2.1066437,-1.070221,-1.7605438
-0.18680806,-0.8846649,4.1376905,-1.9260864,-2.0087128,-1.1453552
-1.2682376,0.004168436,1.6107428,-0.9907837,-2.8524017,-0.6718445
0.33255276,0.81064177,3.7782488,0.29232788,-2.6196442,0.28582764
9.5346,3.827756,9.460589,1.3378754,-1.9128418,0.55799866
11.074368,8.747387,20.255669,-0.93325806,-0.8267975,-0.296875
5.89122,0.23158711,4.7974443,-0.7638855,-0.13224792,-0.522171
-4.464641,-4.4130793,23.228937,0.9884796,1.4597931,0.6458893
2.5759945,-2.2718806,4.8814216,1.1988678,0.31782532,-0.37409973
-2.9159687,-3.957865,7.265081,2.541626,2.1383667,1.1699982
-1.8401932,5.037503,8.620753,2.1160583,1.6280975,0.75613403
0.89790046,-3.2029307,2.6103246,1.9189911,1.282959,0.84669495
0.5731016,3.0049462,9.703234,1.1812897,1.4826813,1.3026276
-0.12154876,2.142759,8.833373,0.9240265,1.1199646,1.3601379
0.58669746,6.8937316,11.880399,0.85691833,1.4656372,1.1508179
2.4435692,5.7967014,12.959675,0.3679657,0.6485901,0.42536926
-1.070307,7.282756,10.81046,-0.27919006,0.064819336,-0.40925598
-1.6066529,-2.008045,13.122286,-0.68185425,-0.17965698,-1.8058167
1.4387991,0.13897957,18.159351,-1.2363281,-0.36660767,-1.8500366
0.7371015,-1.4215511,12.149581,-1.5447235,0.9910736,-1.7973022
0.117562525,1.6224029,7.4340973,-2.2424774,-1.2779388,-1.5384369
-1.3359165,1.2494467,3.821972,-2.0917358,-2.3448029,-1.0681305
0.031036347,-0.9221412,4.58052,-1.6251526,-2.5562592,-0.8651886
1.0429559,-1.485572,1.3435961,-0.06933594,-1.8025818,-0.56585693
4.7104516,4.4274917,7.338664,1.2180328,-1.4846039,0.8722534
14.062028,13.724286,19.14247,-0.13858032,-2.0784912,0.706604
5.4290524,0.56121314,8.850956,-1.4706879,-0.7511749,-0.5871582
4.241147,-4.268243,23.125586,1.3618469,1.4597931,1.0197906
-2.0037944,0.09814289,8.728594,0.88035583,-0.531723,-0.5807648
0.2692781,-2.4408453,8.031343,3.004486,1.9055939,0.89941406
-2.3916156,3.27177,6.6644006,2.3562775,1.8917542,1.138031
1.1673251,-1.2643297,4.717511,1.7661133,0.97935486,1.264801
-0.98820233,5.2215586,9.284217,1.1056519,1.4832153,1.2909088
0.26497337,2.3215253,8.366292,0.92881775,1.1183624,1.2269897
2.8228726,5.8276577,12.16588,0.92774963,1.0352783,0.88983154
2.383716,5.8506765,12.397266,0.3242798,0.839798,0.4717102
-3.0403528,6.7386603,14.384871,-0.2775879,0.04724121,-0.75653076
-0.099134624,-0.19939904,16.221571,-1.3955841,-0.71069336,-2.2473755
0.9960965,-2.34368,16.056175,-1.2443237,-0.24943542,-2.033783
1.8989198,0.14396915,11.114391,-1.8131714,0.7519226,-1.6151428
-0.92715573,2.3006659,4.7173066,-2.282959,-1.1474457,-1.5134125
-0.10082029,0.43298703,2.930271,-2.0203705,-2.346405,-0.9988861
-0.676801,-1.5253477,2.5812342,-1.0648193,-2.3256378,-0.8193817
1.8360952,0.65531677,4.6045136,0.694458,-2.4476013,0.55107117
10.164813,5.237543,11.431956,1.711792,-1.8915405,0.4988861
12.452225,5.431322,19.41578,-1.0941162,-0.7724762,-0.29794312
-1.4946177,-2.7268662,16.090227,-1.2038422,0.70983887,-0.615921
-3.2637107,-2.5051816,10.582576,0.18153381,1.4299622,0.22297668
-2.1122258,-2.6480908,8.722587,2.0233765,0.7684326,0.43443298
3.7763653,3.9989102,11.200332,2.3866425,1.4129181,0.9233856
-3.1774285,-0.45103613,2.7801435,2.1799774,1.7063904,0.8269806
1.8893378,0.2785594,7.315792,1.5264282,0.71569824,1.4538879
-0.20170802,4.6780486,9.469943,1.0502625,1.5135803,1.2525482
1.7236866,3.47848,9.147671,0.93788147,1.1822815,1.1130066
1.2201121,7.416934,13.530122,0.677948,0.7620392,0.880249
1.8342845,6.602898,11.930283,-0.060272217,0.20596313,0.20646667
-2.3209887,0.93179643,12.229488,-0.53378296,-0.5530243,-1.4068756
0.116030514,-0.95097154,17.573257,-1.2485809,-0.4795227,-2.1557617
0.48653096,0.48450634,12.633918,-1.0962524,0.760437,-2.0891876
0.3214268,1.4921664,10.648679,-1.9585724,-0.8513031,-1.618866
-1.6274495,0.20480275,4.2555175,-2.2563171,-1.8585205,-1.0244446
0.761609,-1.1662449,3.804909,-1.7662964,-1.8228302,-0.67344666
-0.31344476,-0.95140696,1.9636757,-0.5662842,-1.7993927,-0.6867676
1.8793768,1.4841895,3.186014,0.9692993,-1.3791504,0.6719818
13.267632,10.534389,15.612285,0.79299927,-2.2787628,1.0213928
9.776655,5.1886253,17.107475,-1.8941345,-0.30801392,-0.74269104
-0.557724,-5.822553,24.728905,-0.015533447,2.1873627,-0.7655945
1.1183832,-1.5209781,6.9291253,0.58154297,0.2544403,0.45359802
-2.7968493,-2.9298964,9.203429,3.0929108,2.082428,1.0245819
-2.4251451,2.728715,5.257519,2.2412262,2.1309052,0.9191284
-0.7891535,-0.8904478,4.222489,1.7938232,1.0129089,1.1859741
1.9242532,3.2853346,9.856604,1.2654419,0.7961273,1.2024841
0.8849575,1.1681033,7.880433,0.9224243,0.7061157,1.0331116
-1.0788003,5.1169276,11.961373,0.71203613,1.0379333,1.3958282
2.2168279,4.7150292,12.332652,0.41856384,0.7258148,0.45573425
-1.4408909,6.0617075,11.8153,-0.24031067,0.8350067,-0.29527283
-2.4771724,-0.12636149,11.562888,-1.0674896,0.22940063,-1.71315
-0.4183581,1.2628746,17.802563,-1.0690765,-1.1783447,-2.1658783
1.529407,0.05576694,12.266511,-1.5383301,0.2501831,-1.8968964
-0.14815992,0.4573396,8.673376,-2.21904,-1.1154938,-1.7978363
-1.0475538,0.28318447,3.9217591,-1.9793549,-1.8313446,-1.0526733
0.6673292,0.28572634,4.868099,-1.3002472,-1.3972473,-0.98023987
0.61616176,0.01889383,1.2804551,9.77E-04,-1.4020538,-0.39595032
3.3421874,5.0647073,6.0889306,1.1349487,-1.3818054,0.77638245
10.5272255,11.947488,14.982804,0.16662598,-2.904068,0.15905762
7.800572,0.4126016,9.667991,-0.6477661,-0.021469116,-0.42523193
3.2654467,-3.3349826,25.740305,-0.7665405,1.0102386,1.2541504
-4.3201313,0.017088592,6.5724626,1.4209747,2.5953522,-0.3922119
0.9709465,-0.6089987,8.697904,2.2593384,0.1479187,0.816864
-0.6469535,0.7951893,8.243242,1.841217,1.8800354,1.0011444
-0.9786415,0.017826557,4.541441,1.6729126,1.8528748,1.1385651
0.20153093,3.4005024,9.673096,1.0678406,1.2951965,1.2126007
-0.38511074,2.887721,8.228486,0.8728943,0.9138336,1.0400391
0.4356608,3.2909389,9.9056225,0.5479889,0.79719543,1.1870422
1.6508569,4.26006,9.801394,0.50057983,0.41529846,0.54574585
0.44803,4.823401,10.993102,0.19006348,0.6608429,0.17449951
-0.42225862,1.127208,10.582604,-0.5167389,0.7812195,-0.47531128
-3.2349133,1.6543057,10.811847,-0.8581543,0.36309814,-1.3525543
-0.5403808,0.27237746,19.081009,-1.0520325,-0.88220215,-2.1797333
2.6709125,-3.9670436,11.53246,-1.027008,0.4147644,-1.5597382
0.6644873,2.069678,8.18637,-1.2086334,0.7572479,-1.4968872
-0.5544387,0.9546802,9.761285,-1.2810669,-0.6675415,-1.2870331
0.605986,0.5047752,4.1600018,-0.65841675,-1.8611755,-0.631897
1.3997166,1.8067576,6.7745457,-0.2275238,-1.2007141,-0.30699158
1.1670167,3.1134923,7.4262114,-0.14762878,-1.8686371,0.046142578
3.8631945,5.9042134,8.921529,0.21029663,-1.276886,-0.28089905
3.2862449,4.7811112,7.7173758,-0.107681274,-1.5858002,-0.5839691
4.195155,3.6665516,7.98316,-0.014465332,-1.818573,-0.54507446
4.2844224,3.2560902,6.064734,0.07234192,-1.0755463,-0.8151245
0.44667143,6.2177153,23.134848,0.23905945,-1.247055,-0.43962097
0.92940253,0.41392678,2.4899695,-0.42565918,-1.8835449,0.37904358
-0.85981417,2.1390722,14.4614105,0.3461151,-2.7192535,1.2110138
1.5613103,5.1198883,8.0725155,0.64120483,-1.8766174,-0.07637024
0.4482221,4.476394,7.413858,0.81962585,-2.362915,-0.29208374
0.64743257,2.9634588,9.889254,0.41963196,-3.094757,-0.24201965
1.0045686,2.1154392,9.539498,0.2587738,-3.2119293,-0.5567932
-0.40233517,2.3137019,9.8566265,0.004165649,-2.9924927,-0.7075348
0.04282248,2.1459424,9.906017,-0.049087524,-3.5805206,-0.64308167
-0.18371615,0.60979325,10.865732,-0.18597412,-3.541626,-0.65586853
-0.44914758,-1.621753,10.129414,-0.16893005,-3.6763916,-0.38902283
1.434045,0.18830973,10.181426,-0.35162354,-2.411911,0.1026001
0.7768672,3.104412,10.726754,-0.8091583,-2.2260284,-0.16957092
1.8195678,1.370048,8.554182,-0.62327576,-2.0630493,-0.8886261
4.387916,0.42135936,8.605309,-0.3100891,-1.471817,-0.47584534
0.30256855,3.9514413,9.910179,0.2310791,-1.2971191,-0.6260376
1.3277806,3.0020726,10.57877,0.9895477,-1.9591827,-1.4260559
2.942151,0.43571246,9.160238,0.69766235,-2.7991486,-1.2321777
2.564165,-1.159278,9.080417,0.045181274,-1.8089752,-0.41937256
-0.004017055,0.59765106,7.7570314,-0.16893005,-1.2971191,0.006729126
0.048048213,-0.14440064,6.4311123,0.1138916,-0.98020935,0.2437439
1.1375644,2.780686,12.249603,0.68115234,-0.16368103,0.31724548
0.38349938,1.6244142,12.51692,0.4153595,-0.54078674,-0.47531128
-0.36197203,0.6219555,7.1935606,0.17514038,-1.1085663,0.07809448
-0.34775424,2.771927,11.146106,0.34664917,-1.1927185,0.29914856
1.0163711,0.57680887,8.711968,0.5245514,-0.90563965,0.20272827
0.5741881,1.3899137,8.637186,0.4499817,-0.72080994,0.10632324
0.46402547,1.5906392,9.745688,0.47662354,-0.29364014,0.14894104
0.002517588,1.6277653,8.884998,0.47181702,-0.19563293,0.4093933
0.46196392,0.47539848,9.2822,0.6001892,0.3002472,0.5665283
-0.9176874,1.786402,10.646896,0.47288513,0.71144104,0.544693
0.010908306,5.4437103,12.051558,0.6092377,0.63952637,0.4786377
0.106325775,4.1528554,14.07022,0.3722229,0.3609619,0.21179199
0.56143236,3.182255,13.033519,-0.10235596,0.11116028,-0.2180481
-1.2898365,0.83023506,10.24987,-0.9108887,-0.0869751,-0.7490845
2.2639368,-0.47563237,11.614866,-1.6736145,0.7572479,-1.2827759
-0.70169276,0.27629572,12.144493,-1.4009094,1.1295471,-1.1885071
0.3593681,3.8416243,12.5015335,-2.0778809,-0.9951172,-1.9933014
0.52286065,0.011218309,7.3968496,-2.1982574,-1.5996552,-1.6699982
0.7358928,-0.66934335,3.88062,-1.9282227,-1.1602325,-1.0798492
-0.16900831,1.0226674,2.8093097,-1.155899,-0.91682434,-0.49768066
1.2466769,1.5919535,3.2921104,0.32055664,-1.3802032,0.2794342
6.577784,6.099175,8.183339,0.78234863,-1.8462677,0.6277771
12.091579,9.050293,18.006388,-0.33085632,-1.771698,0.19900513
6.289511,2.3568497,7.2590375,-0.90982056,0.17933655,-0.549881
-4.460348,-4.5661974,16.676828,0.868103,1.4241028,-0.054519653
-2.3382833,0.6039572,10.461429,0.33280945,-0.48805237,-0.08062744
-3.8340182,-1.9649839,5.3587666,1.7336273,1.6621857,0.25334167
2.1035216,2.2407923,10.361579,1.8034058,0.5393982,1.0842438
0.44877973,0.9673267,5.4138827,1.7847595,1.1785583,1.00914
-0.43692687,2.0809927,8.352852,1.7070007,0.80784607,1.280777
0.8163487,1.0593848,7.6660795,1.0523987,0.6773529,1.0645294
-0.52611303,1.9456697,11.17053,0.84680176,1.0347443,1.13591
1.9539678,4.6008873,12.206654,0.61509705,1.2312927,0.7710571
0.18008327,8.938622,11.981478,0.2742157,0.3860016,0.22190857
0.18411922,2.8246062,11.218564,-0.3106079,0.12927246,-0.32403564
-2.4621754,0.9378252,12.217346,-0.789978,0.5878601,-0.967453
0.2789168,-0.5127086,14.278453,-1.1835938,-0.2941742,-1.8787842
0.5437365,-1.3172818,13.788852,-1.2139587,-0.18179321,-1.7632141
1.3596061,-1.3518002,10.212352,-2.5146484,-1.216156,-1.7467041
-0.027259901,-0.97937477,1.7591034,-1.854187,-0.9226837,-0.53123474
0.024464285,0.7119656,1.9689722,-1.3236847,-1.1517029,-0.05239868
-0.46658063,1.2094916,1.9242055,-0.7484436,-1.8787537,0.15905762
2.7496865,3.2357006,5.9410954,0.9932709,-2.7362976,0.7619934
14.368074,7.45714,24.370325,-1.441391,-0.19670105,-0.37091064
7.2638364,2.1210554,8.902665,-1.7593689,0.12606812,-1.2018127
-1.2441056,-3.5310514,20.319918,1.0992584,1.4326172,0.49142456
2.003186,-2.2349172,6.54505,1.5035248,1.0832214,-0.26438904
-0.7058556,1.9138098,11.093115,2.7264557,1.5737762,1.0528107
-1.0537335,3.9423416,8.695657,2.2385712,0.79026794,0.783844
0.90887225,-2.008387,2.2858331,2.1778412,0.98786926,0.58143616
0.57151556,1.7954398,10.106383,0.9538574,1.4086456,1.5151367
-0.14221627,1.1898916,8.98211,0.85266113,1.2930756,1.2823792
0.9415732,8.168539,11.668476,0.9048462,1.5466003,1.0964966
3.4330895,8.605858,12.136436,0.42121887,0.90371704,0.35986328
-1.3830712,6.2862487,11.644837,-0.42193604,-0.22120667,-0.28515625
0.2967195,-3.3135417,14.726899,-1.0573578,-0.20256042,-1.9038239
0.55134356,2.2561817,16.471899,-1.3066406,0.006225586,-2.0289917
0.83250123,0.26799893,11.30419,-1.37854,0.7774811,-1.8351135
-0.41058096,0.9997128,5.1830835,-2.3473969,-2.0012512,-1.7221985
0.017038465,-0.8095446,2.8944278,-1.8813477,-2.059845,-0.9988861
0.31026697,-0.5753978,2.6539443,-0.68185425,-1.7594452,-0.5109863
1.4800907,1.3313578,2.883426,0.5389404,-1.8494568,0.5505371
7.6011734,6.295887,10.440199,0.8755646,-2.0657043,0.9095459
12.11294,3.9715118,19.689362,-1.5926666,-0.51148987,-0.12750244
4.2937346,6.913398,5.0936975,-0.62327576,0.05470276,-0.87371826
4.460426,-5.054469,24.682087,2.1325684,1.3218384,0.49835205
4.386294,-3.5469534,4.0258465,0.83187866,-1.0803375,-0.25746155
-1.761837,-2.3599253,10.344198,3.1040955,2.5042725,1.4150085
-1.4972674,5.6530786,7.7702484,2.3690643,2.1191864,0.8834381
-0.5244558,-1.9105401,2.7333956,1.9275055,0.952713,1.0267181
1.9966421,4.7091455,10.608881,1.3783569,0.7620392,1.3628082
0.8743214,-1.8804567,8.98986,0.84573364,0.6826782,1.2749176
0.92294407,7.991921,13.155284,0.94906616,1.4667053,1.1497498
1.3867121,8.150365,11.629034,0.33174133,0.854187,0.26239014
-1.5723463,4.192423,10.955709,-0.58865356,0.31835938,-0.59780884
-2.00582,0.254319,12.192523,-1.296524,0.014221191,-2.207962
0.31697497,-0.7680463,20.436377,-1.4520416,-0.53012085,-2.2745361
2.506579,-0.33550417,12.864316,-1.7268829,0.34924316,-1.811676
-0.9498315,0.62893486,5.2848673,-2.2014618,-1.0936584,-1.8052826
-0.98831576,0.48543382,1.530509,-2.0997314,-2.440155,-0.79115295
0.31781167,-0.1460179,4.2965426,-1.0717468,-2.1690369,-0.8902283
0.6699089,-1.3795441,2.8888679,0.3711548,-1.8457336,0.23735046
6.4232783,5.320777,7.670272,1.5264282,-2.0252228,1.1231232
18.327576,8.889289,23.751936,-0.8842621,-1.835083,0.030700684
2.0756216,2.0631306,5.3145285,-1.1452484,0.6911926,-0.5967407
-0.0487566,-2.0357988,19.513565,1.838028,1.1641693,-0.14826965
3.21755,-4.9656825,7.5742707,0.9160309,-0.1892395,0.006729126
0.06830682,0.20833375,9.571779,2.8995667,2.2917633,1.5614777
-2.5909815,4.3232594,4.895352,2.077179,2.1660614,0.87971497
1.9124515,0.73256767,9.009458,1.6867523,0.7519226,1.1854401
-0.17859763,3.8865047,8.738073,0.9197693,1.4656372,1.0799866
0.7758138,3.9853015,8.909764,0.8254852,1.2248993,1.4778595
1.4855809,7.8899393,13.209859,0.7216339,0.8131714,0.60061646
2.0331817,6.292805,11.812816,-0.18971252,0.3045044,-0.037475586
-1.8042464,-0.9914512,12.122388,-0.8384552,-0.4587555,-1.6502991
0.87001413,1.0975671,18.794018,-1.1985168,-0.690979,-2.0731964
0.5963931,-0.7039248,14.883346,-1.2070312,0.82063293,-2.2218018
0.8319441,2.854455,9.311149,-2.637146,-2.0321503,-1.602356
-0.7691119,-0.8744773,4.583038,-2.2840118,-2.2079163,-1.1139374
-0.05274415,-2.7014213,1.4281833,-1.4962463,-1.0659637,-0.59994507
-0.46524328,-0.017400507,0.7308871,-0.34950256,-1.5144348,-0.10406494
2.1360943,3.8227017,6.2384477,1.1242981,-2.1642456,0.9553375
13.497675,8.72953,18.134157,0.64279175,-1.2587738,0.43762207
4.6425295,4.8374376,3.9686208,-1.999588,-1.1463776,-0.664917
-9.113512,-8.403183,21.739603,0.39245605,2.352478,-0.7272339
0.43417463,-1.4062376,7.4593086,-0.07785034,-1.9032593,-0.7352295
-5.550188,-5.0519934,6.366862,2.6007538,2.7247925,0.6565399
1.1623453,5.477301,10.19989,2.0894318,1.3362122,1.2445679
-2.6555626,-0.63277113,2.0597854,2.1538696,1.7383575,0.92285156
3.427723,3.3666859,9.924247,1.5711823,0.43925476,1.0879669
-0.07346064,-0.38922632,8.540849,0.89793396,0.6437988,1.1790466
-0.78427553,6.997789,10.650479,0.8366699,1.7356873,1.2264557
1.5269698,5.4646926,12.055547,0.61509705,0.48506165,0.48503113
2.0333526,5.921555,12.857561,-0.18171692,0.26402283,-0.00819397
-3.589864,0.4674155,11.130579,-1.0696106,-0.24516296,-1.605545
1.0293505,-0.66486114,19.832592,-1.4206238,-0.86569214,-2.1253967
1.1684744,0.29754412,14.026074,-1.6235504,1.3553925,-1.8953094
0.2936808,2.4934795,8.492496,-2.8203735,-1.8393402,-1.6257935
-0.47524208,-0.5303345,2.2293808,-2.2920074,-1.851593,-0.94296265
0.08693142,-0.9895327,2.7982676,-1.4866638,-1.5059052,-0.60313416
0.53654796,-0.5013075,2.7639396,-0.27493286,-1.6497192,0.22190857
3.3579288,3.5279539,4.6796246,1.4300232,-1.6060486,1.0293732
16.636168,9.88176,17.335516,0.5144348,-0.82733154,0.66825867
6.3577375,1.6749899,7.889596,-1.6363373,-0.9780731,-0.7160492
-7.504293,-2.1212199,16.799166,-0.16680908,2.2331696,-0.75813293
0.2978352,-2.4375997,7.8203588,0.02973938,-2.1578522,-1.42659
-4.9925356,-6.1997776,2.4680195,1.4539948,1.747406,0.70980835
1.0767114,8.804743,14.968234,2.412201,1.1007843,1.5391083
0.08098036,-2.8051176,2.3443866,2.0851593,1.3053284,0.37690735
0.5872589,-0.15712114,9.152361,1.6366882,1.1902771,1.3665314
-0.39705893,1.1270152,8.713777,0.7839508,1.2126465,1.5593567
1.1394509,5.553916,12.766522,0.9554596,1.7261047,1.215805
2.461783,8.890518,12.095069,0.71203613,1.4091797,0.5350952
-3.459016,6.996477,11.566587,-0.27493286,-0.5764618,-0.72032166
-1.329412,-1.9664152,13.895457,-1.3167572,-0.5913849,-2.081726
0.94727576,-1.1661837,19.695236,-1.6224823,0.20756531,-1.987442
1.2588332,0.1703985,13.100737,-1.6304779,1.6163788,-1.9001007
0.45069036,1.7186524,6.517608,-2.7079926,-1.9927368,-1.858551
-0.37532705,-0.26712152,1.034573,-2.2493896,-2.2867432,-0.64733887
1.77E-04,-0.9355995,3.4916472,-1.0605621,-1.9906006,-0.5791626
0.97587,-0.4314046,2.9461255,0.79992676,-1.9496002,0.31884766
7.6528106,6.9323363,8.916374,1.7959442,-2.1903381,0.82325745
18.06197,6.009125,26.62746,-1.4019775,-0.45129395,-0.08595276
-0.31884578,0.46538377,0.35356066,-0.7425842,-0.3133545,-0.28622437
1.2941692,0.40056503,24.53449,1.712326,1.8869629,0.6165924
1.3326081,-3.0483902,3.3885553,0.8473358,0.16282654,-0.25372314
-1.4790252,-5.0737433,6.38073,3.3016968,3.0470276,0.93296814
-1.5424246,3.2101266,6.3516006,2.016449,2.0302277,1.121521
0.17973228,-0.117643654,5.300881,1.5786285,1.0400696,1.2136688
0.5935172,5.0676036,9.931183,1.0960693,1.1492615,0.9510803
0.2612815,0.2205828,8.978861,0.83454895,0.856308,1.4458923
1.9837505,9.087139,12.247769,0.7791443,1.0986633,0.97665405
2.7536755,7.674609,11.881304,0.17408752,0.15963745,0.084487915
-3.6506288,2.214692,12.6980715,-0.6557617,-0.6190796,-1.2614746
1.492536,0.43723187,16.801537,-1.3849335,-1.1756744,-2.2303314
0.4752915,-1.6165862,15.347292,-1.4499207,1.2877502,-1.8809204
1.0364089,2.5923462,9.882537,-2.3506012,-0.8678131,-1.7264557
-1.4111874,1.6264316,5.3928533,-2.584961,-2.1008606,-1.3781128
0.41562903,-1.277827,2.8144405,-1.6102295,-1.595398,-0.983963
0.001964644,-1.0209905,1.5449704,-0.4389801,-1.6747589,-0.29953003
1.0585712,1.0092374,2.5126507,1.1381531,-2.0854187,0.9984894
11.7934675,8.130096,11.597349,1.5605164,-1.7546539,0.786499
10.979919,4.9557576,22.759314,-1.9591064,-0.08325195,0.14201355
-2.898388,-5.4440107,22.13083,-0.32606506,2.575653,-1.0180511
-0.9276311,-3.0587223,7.8372793,1.3192444,0.15750122,-1.1006165
-2.3591137,-5.2891526,5.628598,2.2140656,1.7671204,1.1652069
0.9130849,7.8534627,11.871628,1.8694458,1.3069153,1.6264648
-3.5165699,0.88841283,1.9972061,2.1421509,1.8896179,0.62564087
3.3004541,1.8757861,10.001879,1.631897,0.35884094,1.2791901
0.04124677,0.22211228,8.763161,0.7706299,1.1332855,1.3409729
0.99842274,5.725436,11.040363,0.8798218,1.620636,1.3878479
2.5515275,7.058895,11.768148,0.55545044,0.77375793,0.6362915
0.70601857,6.7534165,10.625274,-0.32339478,0.08560181,-0.12962341
-0.90806735,-2.2710567,13.315655,-1.0488434,-0.18391418,-2.192505
-0.23014116,2.0934708,20.613111,-1.41156,-1.9575806,-2.1871796
2.0331101,-2.8166935,14.44223,-1.4658966,0.9378052,-1.8271332
-1.1431557,1.1456023,4.698594,-2.4810944,-1.0830078,-1.4383087
-1.014718,-0.1766463,2.9224906,-2.046463,-2.1903381,-0.662796
0.25354713,-0.6291612,2.4234922,-0.8400574,-1.6518555,-0.42204285
0.870698,0.2334877,1.7404143,0.8425293,-1.7322845,0.4940796
6.157368,4.0198336,7.705911,1.5930176,-1.5991211,1.0054169
13.874155,6.4675803,24.242516,-2.1173096,0.04244995,-0.26651
-1.5599992,-2.8882954,12.190737,-0.9348602,1.1465912,-0.61112976
1.0327183,-1.4265343,11.881667,1.4342957,0.19691467,-0.99409485
-0.81238127,-5.198425,3.5443976,0.914978,0.78015137,0.5521393
-0.023679718,5.8166385,13.808536,2.6945038,1.6861572,1.9316559
-0.6787238,3.6576924,3.9548013,1.8300323,1.4203644,0.50686646
-0.5576831,-1.2972112,5.9684687,1.8465424,0.92715454,1.3409729
1.1998615,3.3147638,8.271938,1.2595825,0.9452667,1.1423035
1.2169739,2.214851,10.814541,0.8995209,0.96284485,1.4858398
1.5648141,7.0852375,11.603226,0.57302856,0.80996704,0.72151184
0.9669104,8.301022,12.115361,-0.057617188,0.05630493,-0.11790466
-5.073501,0.93507034,12.373497,-0.8650818,-0.9519806,-1.9730682
2.2341104,-3.8848352,20.418468,-1.6618958,-1.0020447,-2.0838623
1.3253553,1.3278046,11.586337,-1.4073029,1.5828247,-1.6066132
-0.9837657,1.2204397,9.122794,-2.3298187,-0.7559662,-1.5032806
-1.3487092,-0.5922034,4.199052,-2.1940002,-2.0220337,-1.0622711
0.6620817,-0.82302165,3.4213634,-1.2927856,-1.8670349,-0.66012573
0.5722961,-0.30116218,0.5247704,-0.034179688,-1.2076416,0.04827881
4.104761,3.1360993,6.1614394,0.9607849,-1.595398,0.7311096
13.776682,10.299651,20.374332,-0.3479004,-0.98979187,0.54255676
1.3933927,1.1683371,3.2811055,-1.4701538,-1.0499725,-0.63082886
-6.2915845,-4.4578056,24.561378,1.0428009,2.7711334,-0.728302
1.8220532,-5.11076,3.8081167,-0.3132782,-2.50885,-0.8678589
-7.5757723,-5.6811743,3.0193343,2.3301697,3.8113556,1.1177979
2.4216976,10.67673,14.406847,2.0350952,0.13139343,1.4980927
-1.8667337,-3.5191298,0.815985,2.0745087,1.3005219,0.6331024
3.1832132,1.642195,10.448297,1.2883453,0.7029114,1.3787842
-0.474057,2.5381665,8.373191,0.8169708,1.6126556,0.86320496
0.7281439,5.919932,9.501285,0.69233704,1.3468628,0.8892975
1.4042069,7.769462,12.651148,0.53041077,0.34284973,0.26185608
0.604308,5.6025653,12.685812,-0.2594757,-0.18870544,-0.21911621
-3.8614998,1.1388912,10.655408,-1.1793365,-0.35542297,-1.9016876
-1.1484997,-2.1522443,20.599865,-1.9404755,-1.0883331,-1.8862457
2.6438003,0.569157,13.122422,-1.601181,1.1870728,-1.6130066
-0.26302055,2.9727414,6.0459943,-2.6312866,-0.9961853,-1.2279205
-1.5393705,1.613174,2.9466963,-2.0475311,-2.3261719,-0.87957764
-0.06009382,-1.8827848,3.351343,-0.94711304,-2.3378754,-0.9605408
1.4160414,-1.6542437,1.962966,0.50697327,-1.3072357,-0.1557312
8.952412,6.017087,12.357795,1.618576,-1.4744873,0.9718628
15.270836,6.5214005,18.566635,-1.5868073,-0.6989746,-0.0854187
1.7867663,1.5048019,3.1655962,-1.3396606,-0.43266296,-0.5461426
14.597985,0.8867328,28.174997,2.4670563,1.58815,1.1747894
3.3601882,-0.9864104,5.188627,0.007369995,-1.7349396,-0.56692505
-1.8030213,-1.1834003,9.559715,3.4242096,2.4355621,1.2115479
0.49058124,2.9207175,6.640789,1.8657227,1.5007935,0.65919495
-0.23124689,-1.5590934,5.099969,1.6430817,1.3612518,1.1241913
2.1020358,6.204399,10.542758,1.1605225,1.0539246,0.75987244
-0.71006274,0.9643438,8.146139,0.5000458,0.65231323,0.98677063
0.7071165,6.034805,9.939927,0.6198883,0.53460693,0.9068756
2.17393,4.236247,12.012074,0.43400574,0.36842346,0.26132202
-1.1610277,6.3888483,12.157032,-0.18597412,0.073349,-0.028961182
-2.215815,1.1237632,9.73242,-1.0674896,-0.3373108,-1.8383179
-0.6935756,-0.6411748,19.169264,-1.7215576,-0.82414246,-1.8739929
1.5156331,-0.40612367,12.574912,-1.5090332,1.2680359,-1.4324493
0.8615476,3.4774852,8.151763,-2.5924072,-1.4569092,-1.2177887
-0.7026092,1.089681,4.388346,-2.0219574,-1.9437408,-0.9424286
0.6901965,-1.3241742,3.7519662,-1.139389,-1.7658386,-0.8209839
1.1410339,-0.98458296,2.7193007,-0.124191284,-1.436676,-0.12376404
2.3795388,2.408684,4.665485,1.4002075,-1.0606232,0.9095459
11.050073,5.9832854,12.577646,0.8686371,-0.59350586,0.8099365
8.655171,4.6535053,11.182596,-1.661377,-1.0755463,-0.55307007
-0.045027733,-2.039634,22.140188,-0.5135498,2.7397003,-0.52111816
0.18380567,-3.6468904,6.2141657,0.5714264,-0.83000183,-1.1730499
-5.4082003,-2.909731,2.05625,0.2188263,0.18200684,0.7422943
5.332736,9.723245,14.858867,2.0382996,-0.067276,0.54681396
-1.8956721,-1.3896358,4.0695696,1.6894226,1.0555115,0.228302
0.8312655,0.43024668,9.256213,1.1732941,0.70344543,1.0826416
3.0921953,3.1290789,9.623544,0.73228455,1.1247559,1.0245819
0.8202716,3.5565515,7.5181565,0.5463867,1.1332855,1.0102081
0.7536849,6.3632264,8.83502,0.4079132,0.13778687,0.5313721
1.3035814,3.5850036,9.745523,0.19166565,-0.16207886,-0.00126648
0.04848168,3.7224474,11.732128,-0.40649414,-0.10243225,-0.15678406
-0.1629012,1.419645,11.537321,-1.8595123,-0.52160645,-0.7730408
-3.3975396,4.2456675,14.454544,-1.5436554,-1.870758,-1.269455
1.261862,2.993566,12.847884,-0.43577576,-0.6174774,-2.2063599
-0.6054619,2.7213411,9.150788,-0.5636139,-2.0720978,-1.9736023
-1.1418012,2.8308845,7.780285,-0.6078186,-4.4273987,-1.3237915
-0.6667964,1.6312984,6.8409624,0.5463867,-3.7168732,-1.1650696
-1.1911952,0.972833,7.5234656,0.88674927,-4.2367096,-0.6042023
0.9511531,0.57239515,8.132091,1.5109863,-3.8404388,0.121780396
2.276561,6.423207,13.540547,0.48886108,-4.447113,0.1105957
2.968103,-0.27514598,6.6948466,-1.3071747,-4.955765,-0.6809082
-6.1557693,-4.0106254,5.316809,0.74079895,0.005706787,0.81100464
-2.9251356,12.783722,18.441135,-0.10342407,-5.9006653,-0.49447632
2.8263187,0.90564287,4.894265,0.8425293,-2.280365,-1.6630707
-2.632157,1.5805237,12.770549,0.14425659,-3.5698547,0.32044983
1.9610356,1.2891157,8.793984,0.2188263,-2.40979,0.21871948
-1.0509968,3.0755122,9.698822,-0.01713562,-2.4326935,-0.11897278
-0.820716,0.8676017,9.56389,0.19750977,-2.0784912,-0.32829285
-0.14489174,-0.22106588,10.307773,0.47927856,-1.9794159,0.018447876
0.9629939,1.103943,9.287445,0.10696411,-1.3615723,0.20167542
-0.4646281,1.2430234,9.348033,0.13572693,-0.98339844,0.08502197
0.70045984,2.5717738,9.093436,0.26942444,-1.0366669,0.07223511
0.25038305,1.9758484,9.425545,0.21775818,-0.6728668,0.11325073
0.4247563,2.0303907,9.288355,0.33174133,-0.8124237,0.28103638
-0.73535347,1.2605736,9.613183,0.5906067,-0.35435486,0.53616333
0.35033143,4.665502,14.746088,0.11602783,-0.5306549,0.03175354
-0.8515073,4.0862255,12.08694,-1.296524,-0.5599518,-1.127243
0.45233512,-1.294086,10.506919,-1.5479126,-0.98872375,-1.1948853
-0.052465618,-0.5914477,11.651948,-1.730072,-0.56581116,-0.6079254
0.08516874,3.7136269,10.658799,-1.7140961,-1.2965851,-0.871048
0.7326072,1.8702219,9.79669,-1.2123566,-0.86195374,-1.794632
1.3920248,1.3337038,7.2194967,-1.265091,-1.99646,-1.4809113
2.0778868,0.88574225,6.43907,-1.2341919,-1.870224,-0.950943
2.8906202,0.3807846,4.9972763,-0.62060547,-0.88964844,-0.34161377
4.178938,2.7177947,4.6184688,0.04145813,-0.42945862,0.1729126
3.9137564,5.4013166,5.820333,0.065963745,-0.6510315,0.46798706
6.8162847,4.5108433,9.840661,0.1250763,-1.1943207,0.35133362
9.265923,5.088804,13.329039,-0.6355133,-0.8662262,0.30552673
9.011059,7.5490274,6.6323466,-0.5428467,-0.55836487,-0.58769226
-3.1333947,-1.9084291,12.683662,1.2153778,0.743927,-0.5951538
3.5942721,-2.2831075,11.647975,0.04411316,-0.4406433,0.5239105
-3.2988963,-0.15320879,6.3044796,1.359726,2.6470184,0.5047455
1.3797343,6.0713096,10.256221,2.1000824,1.0507202,0.47756958
0.3919332,0.66427284,5.0457234,1.5243073,0.996933,0.41738892
0.5374857,0.4302579,8.223187,1.5328217,0.823822,1.0528107
1.0972531,4.3887672,9.052498,1.1013947,1.1386108,1.0363007
0.8270139,2.9795697,7.5833693,0.74186707,0.33699036,0.88557434
-0.82429427,0.2580595,9.06908,0.788208,0.04724121,0.93403625
2.2247963,3.3374584,12.542506,0.9442749,0.4536438,1.0299072
0.95376164,7.5356607,13.376645,0.64546204,0.74765015,0.3896942
0.63386047,6.174834,13.590965,-0.056549072,-0.11361694,-0.34268188
